<?xml version="1.0" encoding="UTF8" ?>
<!DOCTYPE mapper
        PUBLIC "-//mybatis.org//DTD Mapper 3.0//EN"
        "http://mybatis.org/dtd/mybatis-3-mapper.dtd">
<mapper namespace="myBatis.mapper.FoodMapper">
    <!--int insertUser();-->
    <insert id="selectFood" parameterType="int">
    insert into food value (null,'夏超超',1,6123.00)
    </insert>
<!-- findFood   -->
    <select id="findFood" parameterType="myBatis.pojo.Food">
        select * from food where id = 1
    </select>
<!--    findFoodById-->
    <select id="findFoodById" resultType="Food">
        select * from food where id = #{id}
    </select>




    <select id="findAllFood" resultType="myBatis.pojo.Food">
        select * from  food
    </select>




</mapper>