<?xml version="1.0" encoding="UTF-8" ?>
<!DOCTYPE configuration
        PUBLIC "-//mybatis.org//DTD Config 3.0//EN"
        "http://mybatis.org/dtd/mybatis-3-config.dtd">
<configuration>


    <properties resource="jdbc.properties"/>
    <typeAliases >
<!--        <typeAlias type="myBatis.pojo.Food" alias="Food"/>-->
        <package name="myBatis.pojo"/>
    </typeAliases>
    <!--设置连接数据库的环境-->
    <environments default="development">
        <environment id="development">
            <transactionManager type="JDBC"/>
            <dataSource type="POOLED">
                <property name="driver" value="${jdbc.driver}"/>
                <property name="url" value="${jdbc.url}"/>
                <property name="username" value="${jdbc.username}"/>
                <property name="password" value="${jdbc.password}"/>
            </dataSource>
        </environment>
    </environments>
    <!--引入映射文件-->
    <mappers>
<!--        <mapper resource="mappers/FoodMapper.xml"/>-->
        <package name="myBatis.mapper"/>
    </mappers>
</configuration>


<!--                           _ooOoo_                    -->
<!--                          o8888888o                   -->
<!--                          88" . "88                   -->
<!--                          (| -_- |)                   -->
<!--                          O\  =  /O                   -->
<!--                       ____/`-&#45;&#45;'\____        -->
<!--                     .'  \\|     |//  `.-->
<!--                    /  \\|||  :  |||//  \-->
<!--                   /  _||||| -:- |||||-  \-->
<!--                   |   | \\\  -  /// |   |-->
<!--                   | \_|  ''\-&#45;&#45;/''  |   |-->
<!--                   \  .-\__  `-`  ___/-. /-->
<!--                 ___`. .'  /&#45;&#45;.&#45;&#45;\  `. . __-->
<!--              ."" '<  `.___\_<|>_/___.'  >'"".-->
<!--             | | :  `- \`.;`\ _ /`;.`/ - ` : | |-->
<!--             \  \ `-.   \_ __\ /__ _/   .-` /  /-->
<!--        ======`-.____`-.___\_____/___.-`____.-'======-->
<!--                           `=-&#45;&#45;='-->
<!--        ^^^^^^^^^^^^^^^^^^^^^^^^^^^^^^^^^^^^^^^^^^^^^-->
<!--                 佛祖保佑       永无BUG-->




